{
  "Danh sach benh an" : {
    "transaction" : "Danh sach benh an",
    "sampleCount" : 50,
    "errorCount" : 0,
    "errorPct" : 0.0,
    "meanResTime" : 20.04,
    "medianResTime" : 19.0,
    "minResTime" : 13.0,
    "maxResTime" : 42.0,
    "pct1ResTime" : 25.799999999999997,
    "pct2ResTime" : 35.24999999999998,
    "pct3ResTime" : 42.0,
    "throughput" : 5.085952598921778,
    "receivedKBytesPerSec" : 468.53841642508394,
    "sentKBytesPerSec" : 0.8741481029396806
  },
  "Them benh an" : {
    "transaction" : "Them benh an",
    "sampleCount" : 50,
    "errorCount" : 0,
    "errorPct" : 0.0,
    "meanResTime" : 18.840000000000003,
    "medianResTime" : 17.0,
    "minResTime" : 13.0,
    "maxResTime" : 34.0,
    "pct1ResTime" : 24.9,
    "pct2ResTime" : 28.799999999999983,
    "pct3ResTime" : 34.0,
    "throughput" : 5.094762584063583,
    "receivedKBytesPerSec" : 470.42380862161195,
    "sentKBytesPerSec" : 2.1127343590788668
  },
  "Dashboard" : {
    "transaction" : "Dashboard",
    "sampleCount" : 50,
    "errorCount" : 0,
    "errorPct" : 0.0,
    "meanResTime" : 8.620000000000001,
    "medianResTime" : 6.0,
    "minResTime" : 3.0,
    "maxResTime" : 101.0,
    "pct1ResTime" : 13.0,
    "pct2ResTime" : 17.24999999999998,
    "pct3ResTime" : 101.0,
    "throughput" : 5.094762584063583,
    "receivedKBytesPerSec" : 50.11176635418789,
    "sentKBytesPerSec" : 0.890588381393927
  },
  "Danh sach lich cap thuoc" : {
    "transaction" : "Danh sach lich cap thuoc",
    "sampleCount" : 50,
    "errorCount" : 0,
    "errorPct" : 0.0,
    "meanResTime" : 33.13999999999999,
    "medianResTime" : 30.0,
    "minResTime" : 23.0,
    "maxResTime" : 90.0,
    "pct1ResTime" : 43.0,
    "pct2ResTime" : 55.24999999999998,
    "pct3ResTime" : 90.0,
    "throughput" : 5.085952598921778,
    "receivedKBytesPerSec" : 507.770779295087,
    "sentKBytesPerSec" : 0.8840816041094497
  },
  "Chatbot" : {
    "transaction" : "Chatbot",
    "sampleCount" : 30,
    "errorCount" : 0,
    "errorPct" : 0.0,
    "meanResTime" : 9.299999999999999,
    "medianResTime" : 10.0,
    "minResTime" : 4.0,
    "maxResTime" : 15.0,
    "pct1ResTime" : 13.0,
    "pct2ResTime" : 13.899999999999999,
    "pct3ResTime" : 15.0,
    "throughput" : 3.10494721589733,
    "receivedKBytesPerSec" : 17.980797842061683,
    "sentKBytesPerSec" : 1.710146708755951
  },
  "Them benh nhan" : {
    "transaction" : "Them benh nhan",
    "sampleCount" : 50,
    "errorCount" : 0,
    "errorPct" : 0.0,
    "meanResTime" : 21.039999999999996,
    "medianResTime" : 20.0,
    "minResTime" : 13.0,
    "maxResTime" : 38.0,
    "pct1ResTime" : 29.9,
    "pct2ResTime" : 32.449999999999996,
    "pct3ResTime" : 38.0,
    "throughput" : 5.093724531377343,
    "receivedKBytesPerSec" : 508.0384345392726,
    "sentKBytesPerSec" : 1.9969986819987773
  },
  "Danh sach benh nhan" : {
    "transaction" : "Danh sach benh nhan",
    "sampleCount" : 100,
    "errorCount" : 0,
    "errorPct" : 0.0,
    "meanResTime" : 31.54999999999999,
    "medianResTime" : 18.0,
    "minResTime" : 11.0,
    "maxResTime" : 476.0,
    "pct1ResTime" : 29.900000000000006,
    "pct2ResTime" : 50.29999999999984,
    "pct3ResTime" : 475.0099999999995,
    "throughput" : 10.095911155981828,
    "receivedKBytesPerSec" : 1004.8290793791015,
    "sentKBytesPerSec" : 1.7549533064109037
  },
  "Them lich cap thuoc" : {
    "transaction" : "Them lich cap thuoc",
    "sampleCount" : 50,
    "errorCount" : 0,
    "errorPct" : 0.0,
    "meanResTime" : 29.359999999999996,
    "medianResTime" : 29.0,
    "minResTime" : 21.0,
    "maxResTime" : 45.0,
    "pct1ResTime" : 36.0,
    "pct2ResTime" : 40.699999999999974,
    "pct3ResTime" : 45.0,
    "throughput" : 5.088540606554041,
    "receivedKBytesPerSec" : 509.1513228615408,
    "sentKBytesPerSec" : 2.0695054892631792
  },
  "Get CSRF Token" : {
    "transaction" : "Get CSRF Token",
    "sampleCount" : 430,
    "errorCount" : 0,
    "errorPct" : 0.0,
    "meanResTime" : 11.430232558139537,
    "medianResTime" : 9.0,
    "minResTime" : 4.0,
    "maxResTime" : 496.0,
    "pct1ResTime" : 15.0,
    "pct2ResTime" : 18.0,
    "pct3ResTime" : 53.039999999999964,
    "throughput" : 5.470250741028153,
    "receivedKBytesPerSec" : 27.71985458515145,
    "sentKBytesPerSec" : 0.6740911273805132
  },
  "Danh sach phong" : {
    "transaction" : "Danh sach phong",
    "sampleCount" : 50,
    "errorCount" : 0,
    "errorPct" : 0.0,
    "meanResTime" : 14.139999999999997,
    "medianResTime" : 13.0,
    "minResTime" : 9.0,
    "maxResTime" : 24.0,
    "pct1ResTime" : 19.9,
    "pct2ResTime" : 22.89999999999999,
    "pct3ResTime" : 24.0,
    "throughput" : 5.098399102681758,
    "receivedKBytesPerSec" : 343.1760317885184,
    "sentKBytesPerSec" : 0.8663295350260019
  },
  "Login Admin-0" : {
    "transaction" : "Login Admin-0",
    "sampleCount" : 50,
    "errorCount" : 0,
    "errorPct" : 0.0,
    "meanResTime" : 10.1,
    "medianResTime" : 5.0,
    "minResTime" : 3.0,
    "maxResTime" : 153.0,
    "pct1ResTime" : 12.0,
    "pct2ResTime" : 42.29999999999977,
    "pct3ResTime" : 153.0,
    "throughput" : 5.412426932236414,
    "receivedKBytesPerSec" : 4.540307358194415,
    "sentKBytesPerSec" : 1.7600958676120373
  },
  "Login Admin - setup" : {
    "transaction" : "Login Admin - setup",
    "sampleCount" : 350,
    "errorCount" : 0,
    "errorPct" : 0.0,
    "meanResTime" : 9.988571428571417,
    "medianResTime" : 9.0,
    "minResTime" : 4.0,
    "maxResTime" : 40.0,
    "pct1ResTime" : 15.0,
    "pct2ResTime" : 16.0,
    "pct3ResTime" : 21.49000000000001,
    "throughput" : 5.920863431055775,
    "receivedKBytesPerSec" : 63.20406070788152,
    "sentKBytesPerSec" : 2.9604317155278874
  },
  "Login Admin" : {
    "transaction" : "Login Admin",
    "sampleCount" : 50,
    "errorCount" : 0,
    "errorPct" : 0.0,
    "meanResTime" : 19.279999999999994,
    "medianResTime" : 12.0,
    "minResTime" : 7.0,
    "maxResTime" : 219.0,
    "pct1ResTime" : 22.599999999999994,
    "pct2ResTime" : 80.69999999999955,
    "pct3ResTime" : 219.0,
    "throughput" : 5.407159078620093,
    "receivedKBytesPerSec" : 57.72036707851195,
    "sentKBytesPerSec" : 2.7035795393100464
  },
  "Login Admin-1" : {
    "transaction" : "Login Admin-1",
    "sampleCount" : 50,
    "errorCount" : 0,
    "errorPct" : 0.0,
    "meanResTime" : 8.780000000000001,
    "medianResTime" : 6.0,
    "minResTime" : 3.0,
    "maxResTime" : 65.0,
    "pct1ResTime" : 9.0,
    "pct2ResTime" : 37.04999999999979,
    "pct3ResTime" : 65.0,
    "throughput" : 5.499340079190497,
    "receivedKBytesPerSec" : 54.09116531016278,
    "sentKBytesPerSec" : 0.96131042399912
  },
  "Login Admin - setup-0" : {
    "transaction" : "Login Admin - setup-0",
    "sampleCount" : 350,
    "errorCount" : 0,
    "errorPct" : 0.0,
    "meanResTime" : 4.451428571428573,
    "medianResTime" : 4.0,
    "minResTime" : 1.0,
    "maxResTime" : 24.0,
    "pct1ResTime" : 7.0,
    "pct2ResTime" : 8.0,
    "pct3ResTime" : 10.490000000000009,
    "throughput" : 5.921364282330648,
    "receivedKBytesPerSec" : 4.967238201681668,
    "sentKBytesPerSec" : 1.9255999082188537
  },
  "Login Admin - setup-1" : {
    "transaction" : "Login Admin - setup-1",
    "sampleCount" : 350,
    "errorCount" : 0,
    "errorPct" : 0.0,
    "meanResTime" : 5.317142857142863,
    "medianResTime" : 5.0,
    "minResTime" : 2.0,
    "maxResTime" : 16.0,
    "pct1ResTime" : 8.0,
    "pct2ResTime" : 9.449999999999989,
    "pct3ResTime" : 14.490000000000009,
    "throughput" : 5.921163931652851,
    "receivedKBytesPerSec" : 58.24019835899171,
    "sentKBytesPerSec" : 1.035047210708848
  },
  "Them phong" : {
    "transaction" : "Them phong",
    "sampleCount" : 50,
    "errorCount" : 0,
    "errorPct" : 0.0,
    "meanResTime" : 15.200000000000001,
    "medianResTime" : 13.0,
    "minResTime" : 11.0,
    "maxResTime" : 34.0,
    "pct1ResTime" : 22.699999999999996,
    "pct2ResTime" : 31.89999999999999,
    "pct3ResTime" : 34.0,