{
  "Danh sach benh an" : {
    "transaction" : "Danh sach benh an",
    "sampleCount" : 50,
    "errorCount" : 0,
    "errorPct" : 0.0,
    "meanResTime" : 59.8,
    "medianResTime" : 57.0,
    "minResTime" : 31.0,
    "maxResTime" : 98.0,
    "pct1ResTime" : 88.8,
    "pct2ResTime" : 90.44999999999999,
    "pct3ResTime" : 98.0,
    "throughput" : 5.076142131979695,
    "receivedKBytesPerSec" : 461.5720177664975,
    "sentKBytesPerSec" : 0.8724619289340102
  },
  "Them benh an" : {
    "transaction" : "Them benh an",
    "sampleCount" : 50,
    "errorCount" : 0,
    "errorPct" : 0.0,
    "meanResTime" : 49.900000000000006,
    "medianResTime" : 48.0,
    "minResTime" : 37.0,
    "maxResTime" : 75.0,
    "pct1ResTime" : 67.8,
    "pct2ResTime" : 73.35,
    "pct3ResTime" : 75.0,
    "throughput" : 5.090094675760969,
    "receivedKBytesPerSec" : 463.91351531482235,
    "sentKBytesPerSec" : 1.8970544258373205
  },
  "Dashboard" : {
    "transaction" : "Dashboard",
    "sampleCount" : 50,
    "errorCount" : 0,
    "errorPct" : 0.0,
    "meanResTime" : 4.84,
    "medianResTime" : 4.0,
    "minResTime" : 1.0,
    "maxResTime" : 14.0,
    "pct1ResTime" : 7.0,
    "pct2ResTime" : 11.249999999999979,
    "pct3ResTime" : 14.0,
    "throughput" : 5.100999795960008,
    "receivedKBytesPerSec" : 46.342383888492144,
    "sentKBytesPerSec" : 0.891678675270353
  },
  "Danh sach lich cap thuoc" : {
    "transaction" : "Danh sach lich cap thuoc",
    "sampleCount" : 50,
    "errorCount" : 0,
    "errorPct" : 0.0,
    "meanResTime" : 92.26000000000002,
    "medianResTime" : 83.5,
    "minResTime" : 63.0,
    "maxResTime" : 167.0,
    "pct1ResTime" : 131.49999999999997,
    "pct2ResTime" : 144.45,
    "pct3ResTime" : 167.0,
    "throughput" : 5.063803929511849,
    "receivedKBytesPerSec" : 500.3720709059145,
    "sentKBytesPerSec" : 0.8802315424346768
  },
  "Chatbot" : {
    "transaction" : "Chatbot",
    "sampleCount" : 30,
    "errorCount" : 0,
    "errorPct" : 0.0,
    "meanResTime" : 8.299999999999999,
    "medianResTime" : 7.5,
    "minResTime" : 3.0,
    "maxResTime" : 20.0,
    "pct1ResTime" : 12.0,
    "pct2ResTime" : 17.249999999999996,
    "pct3ResTime" : 20.0,
    "throughput" : 3.102699348433137,
    "receivedKBytesPerSec" : 13.331911262798634,
    "sentKBytesPerSec" : 1.0726128606887992
  },
  "Them benh nhan" : {
    "transaction" : "Them benh nhan",
    "sampleCount" : 50,
    "errorCount" : 0,
    "errorPct" : 0.0,
    "meanResTime" : 56.779999999999994,
    "medianResTime" : 56.5,
    "minResTime" : 27.0,
    "maxResTime" : 95.0,
    "pct1ResTime" : 88.9,
    "pct2ResTime" : 92.89999999999999,
    "pct3ResTime" : 95.0,
    "throughput" : 5.064316823660488,
    "receivedKBytesPerSec" : 485.6888539134509,
    "sentKBytesPerSec" : 1.7678620036969515
  },
  "Danh sach benh nhan" : {
    "transaction" : "Danh sach benh nhan",
    "sampleCount" : 100,
    "errorCount" : 0,
    "errorPct" : 0.0,
    "meanResTime" : 38.76999999999999,
    "medianResTime" : 37.0,
    "minResTime" : 18.0,
    "maxResTime" : 77.0,
    "pct1ResTime" : 55.900000000000006,
    "pct2ResTime" : 62.0,
    "pct3ResTime" : 76.97999999999999,
    "throughput" : 10.079629069650236,
    "receivedKBytesPerSec" : 964.5634103165004,
    "sentKBytesPerSec" : 1.7521230218727952
  },
  "Them lich cap thuoc" : {
    "transaction" : "Them lich cap thuoc",
    "sampleCount" : 50,
    "errorCount" : 0,
    "errorPct" : 0.0,
    "meanResTime" : 83.31999999999998,
    "medianResTime" : 79.0,
    "minResTime" : 70.0,
    "maxResTime" : 130.0,
    "pct1ResTime" : 100.6,
    "pct2ResTime" : 120.39999999999995,
    "pct3ResTime" : 130.0,
    "throughput" : 5.063803929511849,
    "receivedKBytesPerSec" : 501.4887781357606,
    "sentKBytesPerSec" : 1.8468048979643508
  },
  "Danh sach phong" : {
    "transaction" : "Danh sach phong",
    "sampleCount" : 50,
    "errorCount" : 0,
    "errorPct" : 0.0,
    "meanResTime" : 38.64,
    "medianResTime" : 33.0,
    "minResTime" : 16.0,
    "maxResTime" : 89.0,
    "pct1ResTime" : 69.19999999999999,
    "pct2ResTime" : 76.35,
    "pct3ResTime" : 89.0,
    "throughput" : 5.083884087442806,
    "receivedKBytesPerSec" : 327.92045310116924,
    "sentKBytesPerSec" : 0.8638631164209455
  },
  "Login Admin-0" : {
    "transaction" : "Login Admin-0",
    "sampleCount" : 50,
    "errorCount" : 0,
    "errorPct" : 0.0,
    "meanResTime" : 6.2,
    "medianResTime" : 6.0,
    "minResTime" : 2.0,
    "maxResTime" : 34.0,
    "pct1ResTime" : 8.899999999999999,
    "pct2ResTime" : 13.449999999999996,
    "pct3ResTime" : 34.0,
    "throughput" : 5.140331037318803,
    "receivedKBytesPerSec" : 1.5461151948185463,
    "sentKBytesPerSec" : 1.1897055232856995
  },
  "Login Admin - setup" : {
    "transaction" : "Login Admin - setup",
    "sampleCount" : 350,
    "errorCount" : 0,
    "errorPct" : 0.0,
    "meanResTime" : 10.131428571428573,
    "medianResTime" : 9.0,
    "minResTime" : 3.0,
    "maxResTime" : 36.0,
    "pct1ResTime" : 17.0,
    "pct2ResTime" : 19.0,
    "pct3ResTime" : 27.0,
    "throughput" : 5.909965891054,
    "receivedKBytesPerSec" : 55.46941619035156,
    "sentKBytesPerSec" : 2.654867490121914
  },
  "Login Admin" : {
    "transaction" : "Login Admin",
    "sampleCount" : 50,
    "errorCount" : 0,
    "errorPct" : 0.0,
    "meanResTime" : 13.940000000000003,
    "medianResTime" : 12.0,
    "minResTime" : 4.0,
    "maxResTime" : 42.0,
    "pct1ResTime" : 23.799999999999997,
    "pct2ResTime" : 33.79999999999998,
    "pct3ResTime" : 42.0,
    "throughput" : 5.125576627370579,
    "receivedKBytesPerSec" : 48.10734078677601,
    "sentKBytesPerSec" : 2.3025051255766273
  },
  "Login Admin-1" : {
    "transaction" : "Login Admin-1",
    "sampleCount" : 50,
    "errorCount" : 0,
    "errorPct" : 0.0,
    "meanResTime" : 6.98,
    "medianResTime" : 6.0,
    "minResTime" : 2.0,
    "maxResTime" : 26.0,
    "pct1ResTime" : 12.899999999999999,
    "pct2ResTime" : 16.449999999999996,
    "pct3ResTime" : 26.0,
    "throughput" : 5.145091582630171,
    "receivedKBytesPerSec" : 46.742956048055156,
    "sentKBytesPerSec" : 1.1204642802016875
  },
  "Login Admin - setup-0" : {
    "transaction" : "Login Admin - setup-0",
    "sampleCount" : 350,
    "errorCount" : 0,
    "errorPct" : 0.0,
    "meanResTime" : 4.5657142857142885,
    "medianResTime" : 4.0,
    "minResTime" : 1.0,
    "maxResTime" : 24.0,
    "pct1ResTime" : 8.0,
    "pct2ResTime" : 9.0,
    "pct3ResTime" : 12.0,
    "throughput" : 5.910065686158626,
    "receivedKBytesPerSec" : 1.7776369446648994,
    "sentKBytesPerSec" : 1.3678569996285102
  },
  "Login Admin - setup-1" : {
    "transaction" : "Login Admin - setup-1",
    "sampleCount" : 350,
    "errorCount" : 0,
    "errorPct" : 0.0,
    "meanResTime" : 5.179999999999996,
    "medianResTime" : 5.0,
    "minResTime" : 1.0,
    "maxResTime" : 25.0,
    "pct1ResTime" : 9.0,
    "pct2ResTime" : 11.0,
    "pct3ResTime" : 15.490000000000009,
    "throughput" : 5.910664527569028,
    "receivedKBytesPerSec" : 53.69815634763151,
    "sentKBytesPerSec" : 1.2871857320780207
  },
  "Them phong" : {
    "transaction" : "Them phong",
    "sampleCount" : 50,
    "errorCount" : 0,
    "errorPct" : 0.0,
    "meanResTime" : 33.239999999999995,
    "medianResTime" : 31.0,
    "minResTime" : 21.0,
    "maxResTime" : 57.0,
    "pct1ResTime" : 47.699999999999996,
    "pct2ResTime" : 54.24999999999998,
    "pct3ResTime" : 57.0,
    "throughput" : 5.073566717402334,
    "receivedKBytesPerSec" : 328.3044576040081,
    "sentKBytesPerSec" : 1.5490233384068999
  },
  "Total" : {
    "transaction" : "Total",
    "sampleCount" : 1790,
    "errorCount" : 0,
    "errorPct" : 0.0,
    "meanResTime" : 18.784357541899432,
    "medianResTime" : 7.0,
    "minResTime" : 1.0,
    "maxResTime" : 167.0,
    "pct1ResTime" : 57.0,
    "pct2ResTime" : 76.0,
    "pct3ResTime" : 103.08999999999992,
    "throughput" : 22.71198913884765,
    "receivedKBytesPerSec" : 609.5658443483309,