{
  "Danh sach benh an" : {
    "transaction" : "Danh sach benh an",
    "sampleCount" : 50,
    "errorCount" : 0,
    "errorPct" : 0.0,
    "meanResTime" : 31.88,
    "medianResTime" : 27.5,
    "minResTime" : 14.0,
    "maxResTime" : 95.0,
    "pct1ResTime" : 53.0,
    "pct2ResTime" : 73.4499999999999,
    "pct3ResTime" : 95.0,
    "throughput" : 5.089058524173028,
    "receivedKBytesPerSec" : 468.82454675572524,
    "sentKBytesPerSec" : 0.8746819338422392
  },
  "Them benh an" : {
    "transaction" : "Them benh an",
    "sampleCount" : 50,
    "errorCount" : 0,
    "errorPct" : 0.0,
    "meanResTime" : 30.679999999999996,
    "medianResTime" : 22.0,
    "minResTime" : 15.0,
    "maxResTime" : 93.0,
    "pct1ResTime" : 55.9,
    "pct2ResTime" : 80.24999999999997,
    "pct3ResTime" : 93.0,
    "throughput" : 5.107252298263534,
    "receivedKBytesPerSec" : 471.5770436989275,
    "sentKBytesPerSec" : 2.1179136874361597
  },
  "Dashboard" : {
    "transaction" : "Dashboard",
    "sampleCount" : 50,
    "errorCount" : 0,
    "errorPct" : 0.0,
    "meanResTime" : 4.680000000000001,
    "medianResTime" : 4.5,
    "minResTime" : 2.0,
    "maxResTime" : 8.0,
    "pct1ResTime" : 6.0,
    "pct2ResTime" : 8.0,
    "pct3ResTime" : 8.0,
    "throughput" : 5.100479445067837,
    "receivedKBytesPerSec" : 50.16799704172192,
    "sentKBytesPerSec" : 0.8915877154952565
  },
  "Danh sach lich cap thuoc" : {
    "transaction" : "Danh sach lich cap thuoc",
    "sampleCount" : 50,
    "errorCount" : 0,
    "errorPct" : 0.0,
    "meanResTime" : 40.660000000000004,
    "medianResTime" : 42.5,
    "minResTime" : 25.0,
    "maxResTime" : 57.0,
    "pct1ResTime" : 52.0,
    "pct2ResTime" : 55.0,
    "pct3ResTime" : 57.0,
    "throughput" : 5.082333807684488,
    "receivedKBytesPerSec" : 507.4094868113438,
    "sentKBytesPerSec" : 0.8834525564139053
  },
  "Chatbot" : {
    "transaction" : "Chatbot",
    "sampleCount" : 30,
    "errorCount" : 0,
    "errorPct" : 0.0,
    "meanResTime" : 7.3999999999999995,
    "medianResTime" : 6.5,
    "minResTime" : 4.0,
    "maxResTime" : 13.0,
    "pct1ResTime" : 11.900000000000002,
    "pct2ResTime" : 13.0,
    "pct3ResTime" : 13.0,
    "throughput" : 3.103020273065784,
    "receivedKBytesPerSec" : 17.969638886015723,
    "sentKBytesPerSec" : 1.709085384774514
  },
  "Them benh nhan" : {
    "transaction" : "Them benh nhan",
    "sampleCount" : 50,
    "errorCount" : 0,
    "errorPct" : 0.0,
    "meanResTime" : 25.08,
    "medianResTime" : 21.0,
    "minResTime" : 11.0,
    "maxResTime" : 142.0,
    "pct1ResTime" : 33.9,
    "pct2ResTime" : 39.14999999999997,
    "pct3ResTime" : 142.0,
    "throughput" : 5.117183502200389,
    "receivedKBytesPerSec" : 510.37818784540985,
    "sentKBytesPerSec" : 2.0061957898372733
  },
  "Danh sach benh nhan" : {
    "transaction" : "Danh sach benh nhan",
    "sampleCount" : 100,
    "errorCount" : 0,
    "errorPct" : 0.0,
    "meanResTime" : 22.089999999999996,
    "medianResTime" : 20.0,
    "minResTime" : 12.0,
    "maxResTime" : 68.0,
    "pct1ResTime" : 31.900000000000006,
    "pct2ResTime" : 35.0,
    "pct3ResTime" : 67.68999999999984,
    "throughput" : 10.024057738572575,
    "receivedKBytesPerSec" : 997.6776294356455,
    "sentKBytesPerSec" : 1.7424631615878106
  },
  "Them lich cap thuoc" : {
    "transaction" : "Them lich cap thuoc",
    "sampleCount" : 50,
    "errorCount" : 0,
    "errorPct" : 0.0,
    "meanResTime" : 33.94000000000001,
    "medianResTime" : 33.5,
    "minResTime" : 24.0,
    "maxResTime" : 49.0,
    "pct1ResTime" : 42.0,
    "pct2ResTime" : 45.449999999999996,
    "pct3ResTime" : 49.0,
    "throughput" : 5.078204346942921,
    "receivedKBytesPerSec" : 508.1170930771379,
    "sentKBytesPerSec" : 2.0653017405545397
  },
  "Get CSRF Token" : {
    "transaction" : "Get CSRF Token",
    "sampleCount" : 430,
    "errorCount" : 0,
    "errorPct" : 0.0,
    "meanResTime" : 9.730232558139532,
    "medianResTime" : 8.0,
    "minResTime" : 3.0,
    "maxResTime" : 58.0,
    "pct1ResTime" : 16.0,
    "pct2ResTime" : 18.44999999999999,
    "pct3ResTime" : 39.379999999999995,
    "throughput" : 5.462675948981147,
    "receivedKBytesPerSec" : 27.681470214124197,
    "sentKBytesPerSec" : 0.6731576966563342
  },
  "Danh sach phong" : {
    "transaction" : "Danh sach phong",
    "sampleCount" : 50,
    "errorCount" : 0,
    "errorPct" : 0.0,
    "meanResTime" : 13.24,
    "medianResTime" : 12.0,
    "minResTime" : 7.0,
    "maxResTime" : 29.0,
    "pct1ResTime" : 18.9,
    "pct2ResTime" : 20.89999999999999,
    "pct3ResTime" : 29.0,
    "throughput" : 5.0864699898270604,
    "receivedKBytesPerSec" : 342.3730766785351,
    "sentKBytesPerSec" : 0.864302517802645
  },
  "Login Admin-0" : {
    "transaction" : "Login Admin-0",
    "sampleCount" : 50,
    "errorCount" : 0,
    "errorPct" : 0.0,
    "meanResTime" : 5.32,
    "medianResTime" : 5.0,
    "minResTime" : 2.0,
    "maxResTime" : 12.0,
    "pct1ResTime" : 8.0,
    "pct2ResTime" : 9.0,
    "pct3ResTime" : 12.0,
    "throughput" : 5.175447676223993,
    "receivedKBytesPerSec" : 4.341513236207432,
    "sentKBytesPerSec" : 1.6830313243970605
  },
  "Login Admin - setup" : {
    "transaction" : "Login Admin - setup",
    "sampleCount" : 350,
    "errorCount" : 0,
    "errorPct" : 0.0,
    "meanResTime" : 10.43714285714286,
    "medianResTime" : 9.0,
    "minResTime" : 4.0,
    "maxResTime" : 63.0,
    "pct1ResTime" : 15.0,
    "pct2ResTime" : 18.0,
    "pct3ResTime" : 41.7800000000002,
    "throughput" : 5.906774226212576,
    "receivedKBytesPerSec" : 63.0536611979782,
    "sentKBytesPerSec" : 2.953387113106288
  },
  "Login Admin" : {
    "transaction" : "Login Admin",
    "sampleCount" : 50,
    "errorCount" : 0,
    "errorPct" : 0.0,
    "meanResTime" : 11.319999999999999,
    "medianResTime" : 11.0,
    "minResTime" : 6.0,
    "maxResTime" : 19.0,
    "pct1ResTime" : 16.0,
    "pct2ResTime" : 17.89999999999999,
    "pct3ResTime" : 19.0,
    "throughput" : 5.172235440157236,
    "receivedKBytesPerSec" : 55.21260312144409,
    "sentKBytesPerSec" : 2.586117720078618
  },
  "Login Admin-1" : {
    "transaction" : "Login Admin-1",
    "sampleCount" : 50,
    "errorCount" : 0,
    "errorPct" : 0.0,
    "meanResTime" : 5.679999999999999,
    "medianResTime" : 5.0,
    "minResTime" : 3.0,
    "maxResTime" : 11.0,
    "pct1ResTime" : 9.899999999999999,
    "pct2ResTime" : 10.0,
    "pct3ResTime" : 11.0,
    "throughput" : 5.176519308417021,
    "receivedKBytesPerSec" : 50.915920385133035,
    "sentKBytesPerSec" : 0.9048798400455533
  },
  "Login Admin - setup-0" : {
    "transaction" : "Login Admin - setup-0",
    "sampleCount" : 350,
    "errorCount" : 0,
    "errorPct" : 0.0,
    "meanResTime" : 4.965714285714284,
    "medianResTime" : 4.0,
    "minResTime" : 1.0,
    "maxResTime" : 34.0,
    "pct1ResTime" : 8.0,
    "pct2ResTime" : 9.0,
    "pct3ResTime" : 24.920000000000073,
    "throughput" : 5.9071729957805905,
    "receivedKBytesPerSec" : 4.955333597046414,
    "sentKBytesPerSec" : 1.9209849683544304
  },
  "Login Admin - setup-1" : {
    "transaction" : "Login Admin - setup-1",
    "sampleCount" : 350,
    "errorCount" : 0,
    "errorPct" : 0.0,
    "meanResTime" : 5.194285714285712,
    "medianResTime" : 5.0,
    "minResTime" : 2.0,
    "maxResTime" : 29.0,
    "pct1ResTime" : 8.0,
    "pct2ResTime" : 10.0,
    "pct3ResTime" : 20.49000000000001,
    "throughput" : 5.907272696585596,
    "receivedKBytesPerSec" : 58.103565039072386,
    "sentKBytesPerSec" : 1.0326189577039275
  },
  "Them phong" : {
    "transaction" : "Them phong",
    "sampleCount" : 50,
    "errorCount" : 0,
    "errorPct" : 0.0,
    "meanResTime" : 15.940000000000003,
    "medianResTime" : 15.0,
    "minResTime" : 9.0,
    "maxResTime" : 33.0,
    "pct1ResTime" : 22.0,
    "pct2ResTime" : 27.449999999999996,
    "pct3ResTime" : 33.0,
    "throughput" : 5.084918132818062,
    "receivedKBytesPerSec" : 343.315497718143,
    "sentKBytesPerSec" : 1.7660159030814604
  },