{
  "Danh sach benh an" : {
    "transaction" : "Danh sach benh an",
    "sampleCount" : 50,
    "errorCount" : 0,
    "errorPct" : 0.0,
    "meanResTime" : 22.919999999999998,
    "medianResTime" : 22.0,
    "minResTime" : 18.0,
    "maxResTime" : 42.0,
    "pct1ResTime" : 28.9,
    "pct2ResTime" : 30.0,
    "pct3ResTime" : 42.0,
    "throughput" : 5.08130081300813,
    "receivedKBytesPerSec" : 468.1098751905488,
    "sentKBytesPerSec" : 0.8733485772357724
  },
  "Them benh an" : {
    "transaction" : "Them benh an",
    "sampleCount" : 50,
    "errorCount" : 0,
    "errorPct" : 0.0,
    "meanResTime" : 26.920000000000005,
    "medianResTime" : 26.0,
    "minResTime" : 21.0,
    "maxResTime" : 39.0,
    "pct1ResTime" : 31.0,
    "pct2ResTime" : 35.449999999999996,
    "pct3ResTime" : 39.0,
    "throughput" : 5.076142131979695,
    "receivedKBytesPerSec" : 468.704493178934,
    "sentKBytesPerSec" : 2.10501269035533
  },
  "Dashboard" : {
    "transaction" : "Dashboard",
    "sampleCount" : 50,
    "errorCount" : 0,
    "errorPct" : 0.0,
    "meanResTime" : 12.120000000000003,
    "medianResTime" : 12.0,
    "minResTime" : 9.0,
    "maxResTime" : 26.0,
    "pct1ResTime" : 14.0,
    "pct2ResTime" : 16.799999999999983,
    "pct3ResTime" : 26.0,
    "throughput" : 5.085435313262815,
    "receivedKBytesPerSec" : 50.02002390154597,
    "sentKBytesPerSec" : 0.888957930736371
  },
  "Danh sach lich cap thuoc" : {
    "transaction" : "Danh sach lich cap thuoc",
    "sampleCount" : 50,
    "errorCount" : 0,
    "errorPct" : 0.0,
    "meanResTime" : 37.620000000000005,
    "medianResTime" : 37.0,
    "minResTime" : 30.0,
    "maxResTime" : 56.0,
    "pct1ResTime" : 42.9,
    "pct2ResTime" : 48.449999999999996,
    "pct3ResTime" : 56.0,
    "throughput" : 5.082333807684488,
    "receivedKBytesPerSec" : 507.4094868113438,
    "sentKBytesPerSec" : 0.8834525564139053
  },
  "Chatbot" : {
    "transaction" : "Chatbot",
    "sampleCount" : 30,
    "errorCount" : 0,
    "errorPct" : 0.0,
    "meanResTime" : 21.733333333333334,
    "medianResTime" : 20.0,
    "minResTime" : 16.0,
    "maxResTime" : 41.0,
    "pct1ResTime" : 35.500000000000014,
    "pct2ResTime" : 38.8,
    "pct3ResTime" : 41.0,
    "throughput" : 3.084198622391282,
    "receivedKBytesPerSec" : 17.86064241287139,
    "sentKBytesPerSec" : 1.6987187724889483
  },
  "Them benh nhan" : {
    "transaction" : "Them benh nhan",
    "sampleCount" : 50,
    "errorCount" : 0,
    "errorPct" : 0.0,
    "meanResTime" : 27.44,
    "medianResTime" : 27.0,
    "minResTime" : 22.0,
    "maxResTime" : 42.0,
    "pct1ResTime" : 33.0,
    "pct2ResTime" : 35.449999999999996,
    "pct3ResTime" : 42.0,
    "throughput" : 5.092686901609289,
    "receivedKBytesPerSec" : 507.93494331202896,
    "sentKBytesPerSec" : 1.9965918784375638
  },
  "Danh sach benh nhan" : {
    "transaction" : "Danh sach benh nhan",
    "sampleCount" : 100,
    "errorCount" : 0,
    "errorPct" : 0.0,
    "meanResTime" : 24.300000000000004,
    "medianResTime" : 22.5,
    "minResTime" : 16.0,
    "maxResTime" : 63.0,
    "pct1ResTime" : 32.900000000000006,
    "pct2ResTime" : 34.94999999999999,
    "pct3ResTime" : 62.77999999999989,
    "throughput" : 10.07759750075582,
    "receivedKBytesPerSec" : 1003.0063520356747,
    "sentKBytesPerSec" : 1.7517698780610702
  },
  "Them lich cap thuoc" : {
    "transaction" : "Them lich cap thuoc",
    "sampleCount" : 50,
    "errorCount" : 0,
    "errorPct" : 0.0,
    "meanResTime" : 38.680000000000014,
    "medianResTime" : 38.0,
    "minResTime" : 30.0,
    "maxResTime" : 51.0,
    "pct1ResTime" : 43.0,
    "pct2ResTime" : 46.449999999999996,
    "pct3ResTime" : 51.0,
    "throughput" : 5.085952598921778,
    "receivedKBytesPerSec" : 508.89237091216563,
    "sentKBytesPerSec" : 2.0684529485810192
  },
  "Get CSRF Token" : {
    "transaction" : "Get CSRF Token",
    "sampleCount" : 430,
    "errorCount" : 0,
    "errorPct" : 0.0,
    "meanResTime" : 17.020930232558147,
    "medianResTime" : 16.0,
    "minResTime" : 10.0,
    "maxResTime" : 68.0,
    "pct1ResTime" : 24.0,
    "pct2ResTime" : 28.0,
    "pct3ResTime" : 40.06999999999999,
    "throughput" : 5.455122105930859,
    "receivedKBytesPerSec" : 27.64319199968284,
    "sentKBytesPerSec" : 0.672226847446876
  },
  "Danh sach phong" : {
    "transaction" : "Danh sach phong",
    "sampleCount" : 50,
    "errorCount" : 0,
    "errorPct" : 0.0,
    "meanResTime" : 19.04000000000001,
    "medianResTime" : 18.0,
    "minResTime" : 14.0,
    "maxResTime" : 38.0,
    "pct1ResTime" : 24.0,
    "pct2ResTime" : 27.89999999999999,
    "pct3ResTime" : 38.0,
    "throughput" : 5.090094675760969,
    "receivedKBytesPerSec" : 342.6170562709966,
    "sentKBytesPerSec" : 0.8649184312328209
  },
  "Login Admin-0" : {
    "transaction" : "Login Admin-0",
    "sampleCount" : 50,
    "errorCount" : 0,
    "errorPct" : 0.0,
    "meanResTime" : 11.459999999999997,
    "medianResTime" : 11.0,
    "minResTime" : 7.0,
    "maxResTime" : 23.0,
    "pct1ResTime" : 15.899999999999999,
    "pct2ResTime" : 20.449999999999996,
    "pct3ResTime" : 23.0,
    "throughput" : 5.1964248596965295,
    "receivedKBytesPerSec" : 4.359110307108709,
    "sentKBytesPerSec" : 1.6898530061317814
  },
  "Login Admin - setup" : {
    "transaction" : "Login Admin - setup",
    "sampleCount" : 350,
    "errorCount" : 0,
    "errorPct" : 0.0,
    "meanResTime" : 22.611428571428572,
    "medianResTime" : 21.0,
    "minResTime" : 14.0,
    "maxResTime" : 65.0,
    "pct1ResTime" : 28.900000000000034,
    "pct2ResTime" : 32.0,
    "pct3ResTime" : 41.450000000000045,
    "throughput" : 5.900401227283456,
    "receivedKBytesPerSec" : 62.985630679136186,
    "sentKBytesPerSec" : 2.950200613641728
  },
  "Login Admin" : {
    "transaction" : "Login Admin",
    "sampleCount" : 50,
    "errorCount" : 0,
    "errorPct" : 0.0,
    "meanResTime" : 25.059999999999995,
    "medianResTime" : 23.0,
    "minResTime" : 18.0,
    "maxResTime" : 52.0,
    "pct1ResTime" : 32.0,
    "pct2ResTime" : 39.849999999999945,
    "pct3ResTime" : 52.0,
    "throughput" : 5.189952252439277,
    "receivedKBytesPerSec" : 55.401726632239985,
    "sentKBytesPerSec" : 2.5949761262196387
  },
  "Login Admin-1" : {
    "transaction" : "Login Admin-1",
    "sampleCount" : 50,
    "errorCount" : 0,
    "errorPct" : 0.0,
    "meanResTime" : 13.36,
    "medianResTime" : 12.5,
    "minResTime" : 9.0,
    "maxResTime" : 30.0,
    "pct1ResTime" : 18.0,
    "pct2ResTime" : 22.89999999999999,
    "pct3ResTime" : 30.0,
    "throughput" : 5.201831044527673,
    "receivedKBytesPerSec" : 51.164885039533914,
    "sentKBytesPerSec" : 0.9093044501664586
  },
  "Login Admin - setup-0" : {
    "transaction" : "Login Admin - setup-0",
    "sampleCount" : 350,
    "errorCount" : 0,
    "errorPct" : 0.0,
    "meanResTime" : 10.417142857142862,
    "medianResTime" : 10.0,
    "minResTime" : 6.0,
    "maxResTime" : 33.0,
    "pct1ResTime" : 14.0,
    "pct2ResTime" : 16.0,
    "pct3ResTime" : 21.470000000000027,
    "throughput" : 5.9014956076011265,
    "receivedKBytesPerSec" : 4.95057102239196,
    "sentKBytesPerSec" : 1.9191387083312257
  },
  "Login Admin - setup-1" : {
    "transaction" : "Login Admin - setup-1",
    "sampleCount" : 350,
    "errorCount" : 0,
    "errorPct" : 0.0,
    "meanResTime" : 12.014285714285709,
    "medianResTime" : 11.0,
    "minResTime" : 7.0,
    "maxResTime" : 32.0,
    "pct1ResTime" : 15.0,
    "pct2ResTime" : 17.0,
    "pct3ResTime" : 23.49000000000001,
    "throughput" : 5.901197099983139,
    "receivedKBytesPerSec" : 58.043805850615406,
    "sentKBytesPerSec" : 1.031556914938459
  },
  "Them phong" : {
    "transaction" : "Them phong",
    "sampleCount" : 50,
    "errorCount" : 0,
    "errorPct" : 0.0,
    "meanResTime" : 22.24,
    "medianResTime" : 21.0,
    "minResTime" : 18.0,
    "maxResTime" : 31.0,
    "pct1ResTime" : 26.799999999999997,
    "pct2ResTime" : 29.449999999999996,
    "pct3ResTime" : 31.0,